<?xml version="1.0" encoding="UTF-8"?>
<project-private xmlns="http://www.netbeans.org/ns/project-private/1">
    <editor-bookmarks xmlns="http://www.netbeans.org/ns/editor-bookmarks/2" lastBookmarkId="0"/>
    <open-files xmlns="http://www.netbeans.org/ns/projectui-open-files/2">
        <group>
            <file>file:/C:/Users/Lidiane%20Visintin/Dropbox/IFSC/2025-2/POO/POO%20-%20Lidiane%20-%20jul%202025/Aula%2004%20-%20Exercícios/Exercicio_5-ContaBancaria/src/Executa.java</file>
            <file>file:/C:/Users/Lidiane%20Visintin/Dropbox/IFSC/2025-2/POO/POO%20-%20Lidiane%20-%20jul%202025/Aula%2004%20-%20Exercícios/Exercicio_5-ContaBancaria/src/Conta.java</file>
        </group>
    </open-files>
</project-private>
